protein_id,viral_family
sp|P0DOK1|POLSF_CHIKS,Togaviridae
sp|Q8JUX6|POLN_CHIKS,Togaviridae
sp|Q8JUX5|POLS_CHIKS,Togaviridae
sp|Q32ZE1|POLG_ZIKV,Flaviviridae
sp|P0DXN9|UORF_ZIKV,Flaviviridae
sp|P21401|GP_RVFVZ,Phenuiviridae
sp|P21698|NSS_RVFVZ,Phenuiviridae
sp|P27316|L_RVFVZ,Phenuiviridae
sp|P21700|NCAP_RVFVZ,Phenuiviridae
sp|P17763|POLG_DEN1W,Flaviviridae
sp|P89522|NCAP_CCHFI,Nairoviridae
sp|Q6TQR6|L_CCHFI,Nairoviridae
sp|Q8JSZ3|GP_CCHFI,Nairoviridae
sp|P0DTL3|NSS_CCHFI,Nairoviridae
sp|P03314|POLG_YEFV1,Flaviviridae
sp|Q83883|POLG_NVN68,Caliciviridae
sp|Q83884|CAPSD_NVN68,Caliciviridae
sp|Q83885|VP2_NVN68,Caliciviridae
sp|Q672I1|POLG_SVSAP,Caliciviridae
sp|Q672H9|VP2_SVSAP,Caliciviridae
sp|Q672I0|VP3_SVSAP,Caliciviridae
sp|P08617|POLG_HAVHM,Picornaviridae
sp|Q81862|POLN_HEVCH,Hepeviridae
sp|Q81871|CAPSD_HEVCH,Hepeviridae
sp|Q81870|ORF3_HEVCH,Hepeviridae
sp|O73556|POLG_HPE2W,Picornaviridae
sp|O12792|CAPSD_HASV1,Astroviridae
sp|P0C6K4|NS1A_HASV1,Astroviridae
sp|Q67726|NS1AB_HASV1,Astroviridae
sp|O73557|Z_LASSJ,Arenaviridae
sp|P08669|GLYC_LASSJ,Arenaviridae
sp|P13699|NCAP_LASSJ,Arenaviridae
sp|O09705|L_LASSJ,Arenaviridae
sp|P31352|L_MABVM,Filoviridae
sp|P35253|VGP_MABVM,Filoviridae
sp|P35260|VP40_MABVM,Filoviridae
sp|P27588|NCAP_MABVM,Filoviridae
sp|P35259|VP35_MABVM,Filoviridae
sp|P35256|VP24_MABVM,Filoviridae
sp|P35258|VP30_MABVM,Filoviridae
sp|P18272|NCAP_EBOZM,Filoviridae
sp|P60170|VSGP_EBOZM,Filoviridae
sp|Q05127|VP35_EBOZM,Filoviridae
sp|Q05128|VP40_EBOZM,Filoviridae
sp|Q05318|L_EBOZM,Filoviridae
sp|Q05320|VGP_EBOZM,Filoviridae
sp|Q05322|VP24_EBOZM,Filoviridae
sp|Q05323|VP30_EBOZM,Filoviridae
sp|Q9YMG2|VSSGP_EBOZM,Filoviridae
sp|P0C045|F_HCV77,Flaviviridae
sp|P27958|POLG_HCV77,Flaviviridae
sp|Q69027|X_HBVCJ,Hepadnaviridae
sp|Q76R61|CAPSD_HBVCJ,Hepadnaviridae
sp|Q76R62|HBSAG_HBVCJ,Hepadnaviridae
sp|P0C767|HBEAG_HBVCJ,Hepadnaviridae
sp|Q69028|DPOL_HBVCJ,Hepadnaviridae
sp|P52351|SCAF_HHV7J,Herpesviridae
sp|P52352|GB_HHV7J,Herpesviridae
sp|P52353|GH_HHV7J,Herpesviridae
sp|P52358|CEP3_HHV7J,Herpesviridae
sp|P52362|LTP_HHV7J,Herpesviridae
sp|P52366|GN_HHV7J,Herpesviridae
sp|P52372|GM_HHV7J,Herpesviridae
sp|P52509|GL_HHV7J,Herpesviridae
sp|P52525|GO_HHV7J,Herpesviridae
sp|P50639|UNG_HHV7J,Herpesviridae
sp|P50641|RIR1_HHV7J,Herpesviridae
sp|P52339|DNBI_HHV7J,Herpesviridae
sp|P52341|DUT_HHV7J,Herpesviridae
sp|P52342|DPOL_HHV7J,Herpesviridae
sp|P52344|GCVK_HHV7J,Herpesviridae
sp|P52346|AN_HHV7J,Herpesviridae
sp|P52347|MCP_HHV7J,Herpesviridae
sp|P52349|TRX1_HHV7J,Herpesviridae
sp|P52355|ICP27_HHV7J,Herpesviridae
sp|P52357|HELI_HHV7J,Herpesviridae
sp|P52359|CEP2_HHV7J,Herpesviridae
sp|P52360|CVC1_HHV7J,Herpesviridae
sp|P52361|NEC1_HHV7J,Herpesviridae
sp|P52376|HEPA_HHV7J,Herpesviridae
sp|P52379|OBP_HHV7J,Herpesviridae
sp|P52381|UL33_HHV7J,Herpesviridae
sp|P52383|VU51_HHV7J,Herpesviridae
sp|P52385|TRM1_HHV7J,Herpesviridae
sp|P52386|UL24_HHV7J,Herpesviridae
sp|P52388|CVC2_HHV7J,Herpesviridae
sp|P52438|ITP_HHV7J,Herpesviridae
sp|P52440|VPAP_HHV7J,Herpesviridae
sp|P52455|PORTL_HHV7J,Herpesviridae
sp|P52458|CEP1_HHV7J,Herpesviridae
sp|P52462|TRM3_HHV7J,Herpesviridae
sp|P52464|UL32_HHV7J,Herpesviridae
sp|P52466|NEC2_HHV7J,Herpesviridae
sp|P52468|PRIM_HHV7J,Herpesviridae
sp|P52474|TEG7_HHV7J,Herpesviridae
sp|P52519|P100_HHV7J,Herpesviridae
sp|P52531|U79_HHV7J,Herpesviridae
sp|P60505|U21_HHV7J,Herpesviridae
sp|P68321|TRX2_HHV7J,Herpesviridae
sp|Q69505|U24_HHV7J,Herpesviridae
sp|P52363|UL87_HHV7J,Herpesviridae
sp|P52364|UL88_HHV7J,Herpesviridae
sp|P52365|UL91_HHV7J,Herpesviridae
sp|P52442|UL49_HHV7J,Herpesviridae
sp|P52445|VU26_HHV7J,Herpesviridae
sp|P52470|UL79_HHV7J,Herpesviridae
sp|P52471|UL92_HHV7J,Herpesviridae
sp|P52472|UL95_HHV7J,Herpesviridae
sp|P52475|UL96_HHV7J,Herpesviridae
sp|P52516|VU54_HHV7J,Herpesviridae
sp|P52517|V55A_HHV7J,Herpesviridae
sp|P52518|V55B_HHV7J,Herpesviridae
sp|P52520|VU3_HHV7J,Herpesviridae
sp|P52521|VU4_HHV7J,Herpesviridae
sp|P52522|VU5_HHV7J,Herpesviridae
sp|P52523|VU8_HHV7J,Herpesviridae
sp|P52524|VU10_HHV7J,Herpesviridae
sp|P52528|VU25_HHV7J,Herpesviridae
sp|P52534|VU84_HHV7J,Herpesviridae
sp|P03186|LTP_EBVB9,Herpesviridae
sp|P03188|GB_EBVB9,Herpesviridae
sp|P03191|EAD_EBVB9,Herpesviridae
sp|P03200|GP350_EBVB9,Herpesviridae
sp|P03205|GP42_EBVB9,Herpesviridae
sp|P03206|BZLF1_EBVB9,Herpesviridae
sp|P03208|BILF1_EBVB9,Herpesviridae
sp|P03211|EBNA1_EBVB9,Herpesviridae
sp|P03230|LMP1_EBVB9,Herpesviridae
sp|P03231|GH_EBVB9,Herpesviridae
sp|P03234|SCAF_EBVB9,Herpesviridae
sp|P12978|EBNA2_EBVB9,Herpesviridae
sp|P13285|LMP2_EBVB9,Herpesviridae
sp|P13288|KR2_EBVB9,Herpesviridae
sp|Q04360|ICP27_EBVB9,Herpesviridae
sp|Q8AZK7|EBNA5_EBVB9,Herpesviridae
sp|P03180|IL10H_EBVB9,Herpesviridae
sp|P03182|EAR_EBVB9,Herpesviridae
sp|P03185|NEC2_EBVB9,Herpesviridae
sp|P03192|BMRF2_EBVB9,Herpesviridae
sp|P03195|DUT_EBVB9,Herpesviridae
sp|P03198|DPOL_EBVB9,Herpesviridae
sp|P03204|EBNA6_EBVB9,Herpesviridae
sp|P03209|BRLF1_EBVB9,Herpesviridae
sp|P03212|GL_EBVB9,Herpesviridae
sp|P03215|GM_EBVB9,Herpesviridae
sp|P03217|AN_EBVB9,Herpesviridae
sp|P03228|BARF1_EBVB9,Herpesviridae
sp|P0C739|BNL2A_EBVB9,Herpesviridae
sp|P0CK51|CEP3_EBVB9,Herpesviridae
sp|P0CK53|CEP2_EBVB9,Herpesviridae
sp|P12977|EBNA3_EBVB9,Herpesviridae
sp|P03177|KITH_EBVB9,Herpesviridae
sp|P03179|MTP_EBVB9,Herpesviridae
sp|P03190|RIR1_EBVB9,Herpesviridae
sp|P03193|PRIM_EBVB9,Herpesviridae
sp|P03196|GN_EBVB9,Herpesviridae
sp|P03203|EBNA4_EBVB9,Herpesviridae
sp|P03213|PORTL_EBVB9,Herpesviridae
sp|P03214|HELI_EBVB9,Herpesviridae
sp|P03219|TRM3_EBVB9,Herpesviridae
sp|P03220|UL95_EBVB9,Herpesviridae
sp|P03225|BDLF2_EBVB9,Herpesviridae
sp|P03227|DNBI_EBVB9,Herpesviridae
sp|P0C725|LF2_EBVB9,Herpesviridae
sp|P0CAP6|RIR2_EBVB9,Herpesviridae
sp|P0CK47|NEC1_EBVB9,Herpesviridae
sp|P0CK49|TEG7_EBVB9,Herpesviridae
sp|P0CK58|BALF1_EBVB9,Herpesviridae
sp|P25939|TRM1_EBVB9,Herpesviridae
sp|P30117|BKRF4_EBVB9,Herpesviridae
sp|P03184|UL32_EBVB9,Herpesviridae
sp|P03187|TRX1_EBVB9,Herpesviridae
sp|P03189|ITP_EBVB9,Herpesviridae
sp|P03197|BLRF2_EBVB9,Herpesviridae
sp|P03207|BRRF1_EBVB9,Herpesviridae
sp|P03218|BILF2_EBVB9,Herpesviridae
sp|P03222|CVC1_EBVB9,Herpesviridae
sp|P03224|BDLF3_EBVB9,Herpesviridae
sp|P03226|MCP_EBVB9,Herpesviridae
sp|P03232|UL24_EBVB9,Herpesviridae
sp|P03233|CVC2_EBVB9,Herpesviridae
sp|P0CK56|UL92_EBVB9,Herpesviridae
sp|P12888|UNG_EBVB9,Herpesviridae
sp|P14347|BFRF2_EBVB9,Herpesviridae
sp|P14348|SCP_EBVB9,Herpesviridae
sp|P25214|TRX2_EBVB9,Herpesviridae
sp|P25215|UL87_EBVB9,Herpesviridae
sp|P29882|CEP1_EBVB9,Herpesviridae
sp|P30118|HEPA_EBVB9,Herpesviridae
sp|P03181|BHLF1_EBVB9,Herpesviridae
sp|P03199|BLLF2_EBVB9,Herpesviridae
sp|P03210|BRRF2_EBVB9,Herpesviridae
sp|P0C727|LF3_EBVB9,Herpesviridae
sp|P30119|BTRF1_EBVB9,Herpesviridae
sp|Q8AZJ3|BNL2B_EBVB9,Herpesviridae
sp|Q8AZJ5|LF1_EBVB9,Herpesviridae
sp|Q9Q2P0|RPMS1_EBVB9,Herpesviridae
sp|Q6RJQ3|UL141_HCMVM,Herpesviridae
sp|Q6SW62|SCAF_HCMVM,Herpesviridae
sp|Q6SW67|GH_HCMVM,Herpesviridae
sp|F5HB53|GB_HCMVM,Herpesviridae
sp|F5HCH8|GL_HCMVM,Herpesviridae
sp|F5HGP1|GO_HCMVM,Herpesviridae
sp|F5HI87|CEP3_HCMVM,Herpesviridae
sp|Q6SW37|EP84_HCMVM,Herpesviridae
sp|Q6SW81|NEC2_HCMVM,Herpesviridae
sp|Q6SW94|VGLI_HCMVM,Herpesviridae
sp|Q6SW98|UL33_HCMVM,Herpesviridae
sp|Q6SWB9|UL11P_HCMVM,Herpesviridae
sp|F5HAC7|CEP2_HCMVM,Herpesviridae
sp|F5HAM0|UL144_HCMVM,Herpesviridae
sp|F5HAQ7|UL135_HCMVM,Herpesviridae
sp|F5HB52|US08_HCMVM,Herpesviridae
sp|F5HBC6|PP71_HCMVM,Herpesviridae
sp|F5HC33|US09_HCMVM,Herpesviridae
sp|F5HC71|IL10H_HCMVM,Herpesviridae
sp|F5HC79|TRM1_HCMVM,Herpesviridae
sp|F5HC97|VPAP_HCMVM,Herpesviridae
sp|F5HCM1|VIE1_HCMVM,Herpesviridae
sp|F5HCP3|UL130_HCMVM,Herpesviridae
sp|F5HDK1|US27_HCMVM,Herpesviridae
sp|F5HE05|US02_HCMVM,Herpesviridae
sp|F5HE12|UL35_HCMVM,Herpesviridae
sp|F5HEA3|TEG7_HCMVM,Herpesviridae
sp|F5HEN8|HELI_HCMVM,Herpesviridae
sp|F5HET1|UL78_HCMVM,Herpesviridae
sp|F5HET4|U131A_HCMVM,Herpesviridae
sp|F5HEU0|US03_HCMVM,Herpesviridae
sp|F5HF44|UL145_HCMVM,Herpesviridae
sp|F5HF49|AN_HCMVM,Herpesviridae
sp|F5HF62|US28_HCMVM,Herpesviridae
sp|F5HFJ7|US10_HCMVM,Herpesviridae
sp|F5HFZ4|NEC1_HCMVM,Herpesviridae
sp|F5HG51|PRIM_HCMVM,Herpesviridae
sp|F5HG98|UL38_HCMVM,Herpesviridae
sp|F5HGG3|UL26_HCMVM,Herpesviridae
sp|F5HGJ4|PP85_HCMVM,Herpesviridae
sp|F5HGQ8|UL138_HCMVM,Herpesviridae
sp|F5HHH2|UL142_HCMVM,Herpesviridae
sp|F5HHQ0|GN_HCMVM,Herpesviridae
sp|F5HHZ3|UL42_HCMVM,Herpesviridae
sp|Q6SVX2|TRS1_HCMVM,Herpesviridae
sp|Q6SVZ5|US11_HCMVM,Herpesviridae
sp|Q6SW00|US06_HCMVM,Herpesviridae
sp|Q6SW04|IRS1_HCMVM,Herpesviridae
sp|Q6SW29|VIE2_HCMVM,Herpesviridae
sp|Q6SW43|GM_HCMVM,Herpesviridae
sp|Q6SW46|UL97_HCMVM,Herpesviridae
sp|Q6SW59|PP65_HCMVM,Herpesviridae
sp|Q6SW66|UL76_HCMVM,Herpesviridae
sp|Q6SW70|DUT_HCMVM,Herpesviridae
sp|Q6SW73|ICP27_HCMVM,Herpesviridae
sp|Q6SW77|DPOL_HCMVM,Herpesviridae
sp|Q6SW84|LTP_HCMVM,Herpesviridae
sp|Q6SW85|ITP_HCMVM,Herpesviridae
sp|Q6SW99|PP150_HCMVM,Herpesviridae
sp|Q6SWA4|UL27_HCMVM,Herpesviridae
sp|Q6SWC3|UL07_HCMVM,Herpesviridae
sp|Q6SWD5|IR01_HCMVM,Herpesviridae
sp|F5H8Q3|UL148_HCMVM,Herpesviridae
sp|F5H8R0|U147A_HCMVM,Herpesviridae
sp|F5H8R6|UL96_HCMVM,Herpesviridae
sp|F5H9F9|UL88_HCMVM,Herpesviridae
sp|F5H9N4|VP22_HCMVM,Herpesviridae
sp|F5H9T4|UL09_HCMVM,Herpesviridae
sp|F5H9Z4|UL20_HCMVM,Herpesviridae
sp|F5HA06|UL147_HCMVM,Herpesviridae
sp|F5HA10|CEP1_HCMVM,Herpesviridae
sp|F5HA93|TRX1_HCMVM,Herpesviridae
sp|F5HAE6|UL15A_HCMVM,Herpesviridae
sp|F5HAR3|US19_HCMVM,Herpesviridae
sp|F5HAY6|VICA_HCMVM,Herpesviridae
sp|F5HAZ3|US23_HCMVM,Herpesviridae
sp|F5HB40|UL84_HCMVM,Herpesviridae
sp|F5HB41|US30_HCMVM,Herpesviridae
sp|F5HBR4|PORTL_HCMVM,Herpesviridae
sp|F5HBX1|CXCL1_HCMVM,Herpesviridae
sp|F5HC14|UL119_HCMVM,Herpesviridae
sp|F5HC16|UL34_HCMVM,Herpesviridae
sp|F5HCU8|TRM3_HCMVM,Herpesviridae
sp|F5HD27|UL121_HCMVM,Herpesviridae
sp|F5HD92|US14_HCMVM,Herpesviridae
sp|F5HDC7|US22_HCMVM,Herpesviridae
sp|F5HDD3|US07_HCMVM,Herpesviridae
sp|F5HDM3|UL23_HCMVM,Herpesviridae
sp|F5HDQ6|DNBI_HCMVM,Herpesviridae
sp|F5HE44|US12_HCMVM,Herpesviridae
sp|F5HE74|U148A_HCMVM,Herpesviridae
sp|F5HEN7|SCP_HCMVM,Herpesviridae
sp|F5HF35|UL136_HCMVM,Herpesviridae
sp|F5HF90|UL22A_HCMVM,Herpesviridae
sp|F5HFA5|UL117_HCMVM,Herpesviridae
sp|F5HFB4|UL18_HCMVM,Herpesviridae
sp|F5HFG3|UL41A_HCMVM,Herpesviridae
sp|F5HG68|UL16P_HCMVM,Herpesviridae
sp|F5HGI9|TRM2_HCMVM,Herpesviridae
sp|F5HGT1|MCP_HCMVM,Herpesviridae
sp|F5HGU6|UL132_HCMVM,Herpesviridae
sp|F5HHS3|UL124_HCMVM,Herpesviridae
sp|F5HI32|IR10_HCMVM,Herpesviridae
sp|F5HI85|UNG_HCMVM,Herpesviridae
sp|F5HIG1|HEPA_HCMVM,Herpesviridae
sp|F5HIN9|TRX2_HCMVM,Herpesviridae
sp|F7V995|RL8A_HCMVM,Herpesviridae
sp|Q6SVX3|US34A_HCMVM,Herpesviridae
sp|Q6SVZ0|US16_HCMVM,Herpesviridae
sp|Q6SW10|UL133_HCMVM,Herpesviridae
sp|Q6SW14|UL139_HCMVM,Herpesviridae
sp|Q6SW31|UL120_HCMVM,Herpesviridae
sp|Q6SW34|UL116_HCMVM,Herpesviridae
sp|Q6SW48|UL95_HCMVM,Herpesviridae
sp|Q6SW50|CVC1_HCMVM,Herpesviridae
sp|Q6SW55|UL87_HCMVM,Herpesviridae
sp|Q6SW63|UL79_HCMVM,Herpesviridae
sp|Q6SW65|CVC2_HCMVM,Herpesviridae
sp|Q6SW79|UL52_HCMVM,Herpesviridae
sp|Q6SW87|RIR1_HCMVM,Herpesviridae
sp|Q6SW89|UL43_HCMVM,Herpesviridae
sp|Q6SW92|UL40_HCMVM,Herpesviridae
sp|Q6SWA0|UL31_HCMVM,Herpesviridae
sp|Q6SWA3|UL298_HCMVM,Herpesviridae
sp|Q6SWB7|UL14_HCMVM,Herpesviridae
sp|Q6SWB8|UL13_HCMVM,Herpesviridae
sp|Q6SWC0|UL10_HCMVM,Herpesviridae
sp|Q6SWC4|UL06_HCMVM,Herpesviridae
sp|Q6SWC6|UL04_HCMVM,Herpesviridae
sp|Q6SWC8|UL01_HCMVM,Herpesviridae
sp|Q6SWC9|RL13_HCMVM,Herpesviridae
sp|Q6SWD1|RL11_HCMVM,Herpesviridae
sp|C1BEG3|UL74A_HCMVM,Herpesviridae
sp|F5H8S6|US24_HCMVM,Herpesviridae
sp|F5H991|US26_HCMVM,Herpesviridae
sp|F5H9I4|US13_HCMVM,Herpesviridae
sp|F5H9N9|US17_HCMVM,Herpesviridae
sp|F5HAK6|U148B_HCMVM,Herpesviridae
sp|F5HAM4|US31_HCMVM,Herpesviridae
sp|F5HAS7|UL92_HCMVM,Herpesviridae
sp|F5HCK7|UL140_HCMVM,Herpesviridae
sp|F5HD03|US32_HCMVM,Herpesviridae
sp|F5HDE7|U148C_HCMVM,Herpesviridae
sp|F5HE69|US18_HCMVM,Herpesviridae
sp|F5HEF3|US34_HCMVM,Herpesviridae
sp|F5HF23|RL5A_HCMVM,Herpesviridae
sp|F5HFH0|US15_HCMVM,Herpesviridae
sp|F5HFJ8|UL91_HCMVM,Herpesviridae
sp|F5HG95|US29_HCMVM,Herpesviridae
sp|F5HGC2|UL30_HCMVM,Herpesviridae
sp|F5HGH8|US20_HCMVM,Herpesviridae
sp|F5HH39|UL21A_HCMVM,Herpesviridae
sp|F5HHL7|U148D_HCMVM,Herpesviridae
sp|F5HHT4|UL17_HCMVM,Herpesviridae
sp|F5HHT6|US21_HCMVM,Herpesviridae
sp|F5HI68|UL19_HCMVM,Herpesviridae
sp|F7V996|RL9A_HCMVM,Herpesviridae
sp|F7V998|U150A_HCMVM,Herpesviridae
sp|F7V999|US33A_HCMVM,Herpesviridae
sp|Q6SW03|US01_HCMVM,Herpesviridae
sp|Q6SW05|UL150_HCMVM,Herpesviridae
sp|Q6SW82|UL49_HCMVM,Herpesviridae
sp|Q6SWC5|UL05_HCMVM,Herpesviridae
sp|Q6SWC7|UL02_HCMVM,Herpesviridae
sp|Q6SWD0|RL12_HCMVM,Herpesviridae
sp|Q6SWD3|IR06_HCMVM,Herpesviridae
sp|P09257|GB_VZVD,Herpesviridae
sp|P09259|GE_VZVD,Herpesviridae
sp|P09251|US03_VZVD,Herpesviridae
sp|P09255|ICP22_VZVD,Herpesviridae
sp|P09256|GC_VZVD,Herpesviridae
sp|P09258|GI_VZVD,Herpesviridae
sp|P09263|TEG5_VZVD,Herpesviridae
sp|P09269|ICP27_VZVD,Herpesviridae
sp|P09278|LTP_VZVD,Herpesviridae
sp|P09286|SCAF_VZVD,Herpesviridae
sp|P09309|IE61_VZVD,Herpesviridae
sp|P09310|ICP4_VZVD,Herpesviridae
sp|P09312|US9_VZVD,Herpesviridae
sp|P09246|DNBI_VZVD,Herpesviridae
sp|P09247|RIR2_VZVD,Herpesviridae
sp|P09248|RIR1_VZVD,Herpesviridae
sp|P09250|KITH_VZVD,Herpesviridae
sp|P09252|DPOL_VZVD,Herpesviridae
sp|P09260|GH_VZVD,Herpesviridae
sp|P09261|GK_VZVD,Herpesviridae
sp|P09265|VP16_VZVD,Herpesviridae
sp|P09276|TRX1_VZVD,Herpesviridae
sp|P09279|SCP_VZVD,Herpesviridae
sp|P09290|UL20_VZVD,Herpesviridae
sp|P09296|UL13_VZVD,Herpesviridae
sp|P09297|CEP3_VZVD,Herpesviridae
sp|P09298|GM_VZVD,Herpesviridae
sp|P09299|OBP_VZVD,Herpesviridae
sp|P09308|GL_VZVD,Herpesviridae
sp|Q65ZG0|GN_VZVD,Herpesviridae
sp|P09245|MCP_VZVD,Herpesviridae
sp|P09249|TYSY_VZVD,Herpesviridae
sp|P09253|AN_VZVD,Herpesviridae
sp|P09254|DUT_VZVD,Herpesviridae
sp|P09264|TEG1_VZVD,Herpesviridae
sp|P09266|ORF1_VZVD,Herpesviridae
sp|P09270|PRIM_VZVD,Herpesviridae
sp|P09271|TEG7_VZVD,Herpesviridae
sp|P09272|VP22_VZVD,Herpesviridae
sp|P09274|PAP_VZVD,Herpesviridae
sp|P09275|SHUT_VZVD,Herpesviridae
sp|P09277|ITP_VZVD,Herpesviridae
sp|P09280|NEC2_VZVD,Herpesviridae
sp|P09281|TRM2_VZVD,Herpesviridae
sp|P09282|UL32_VZVD,Herpesviridae
sp|P09283|NEC1_VZVD,Herpesviridae
sp|P09284|TRM1_VZVD,Herpesviridae
sp|P09287|CVC2_VZVD,Herpesviridae
sp|P09288|UL24_VZVD,Herpesviridae
sp|P09289|TEG4_VZVD,Herpesviridae
sp|P09291|TRX2_VZVD,Herpesviridae
sp|P09292|CVC1_VZVD,Herpesviridae
sp|P09293|CEP2_VZVD,Herpesviridae
sp|P09294|TRM3_VZVD,Herpesviridae
sp|P09295|TEG3_VZVD,Herpesviridae
sp|P09300|HEPA_VZVD,Herpesviridae
sp|P09301|CEP1_VZVD,Herpesviridae
sp|P09302|PORTL_VZVD,Herpesviridae
sp|P09303|HELI_VZVD,Herpesviridae
sp|P09307|UNG_VZVD,Herpesviridae
sp|P09311|US10_VZVD,Herpesviridae
sp|Q6F6K2|ORF0_VZVD,Herpesviridae
sp|P09267|ORF2_VZVD,Herpesviridae
sp|P09268|TEG6_VZVD,Herpesviridae
sp|P09273|MB43_VZVD,Herpesviridae
sp|P09285|ORF32_VZVD,Herpesviridae
sp|P09304|NP04_VZVD,Herpesviridae
sp|P09305|ORF57_VZVD,Herpesviridae
sp|P09306|NP03_VZVD,Herpesviridae
sp|P28276|ICP27_HHV2H,Herpesviridae
sp|P89462|RIR1_HHV2H,Herpesviridae
sp|P08666|GB_HHV2H,Herpesviridae
sp|P13287|US03_HHV2H,Herpesviridae
sp|P13291|GI_HHV2H,Herpesviridae
sp|P13292|US02_HHV2H,Herpesviridae
sp|P13294|CEP3_HHV2H,Herpesviridae
sp|P14345|ICP47_HHV2H,Herpesviridae
sp|P89436|UL13_HHV2H,Herpesviridae
sp|P89445|GH_HHV2H,Herpesviridae
sp|P89449|SCAF_HHV2H,Herpesviridae
sp|P89459|LTP_HHV2H,Herpesviridae
sp|P89475|GE_HHV2H,Herpesviridae
sp|P89477|US9_HHV2H,Herpesviridae
sp|P90493|ICP4_HHV2H,Herpesviridae
sp|Q89730|GC_HHV2H,Herpesviridae
sp|P13290|GG_HHV2H,Herpesviridae
sp|P13293|GJ_HHV2H,Herpesviridae
sp|P22485|GK_HHV2H,Herpesviridae
sp|P28278|GL_HHV2H,Herpesviridae
sp|P28282|UL56_HHV2H,Herpesviridae
sp|P28283|ICP34_HHV2H,Herpesviridae
sp|P28284|ICP0_HHV2H,Herpesviridae
sp|P68336|VP16_HHV2H,Herpesviridae
sp|P68340|SHUT_HHV2H,Herpesviridae
sp|P69521|RIR2_HHV2H,Herpesviridae
sp|P89432|OBP_HHV2H,Herpesviridae
sp|P89433|GM_HHV2H,Herpesviridae
sp|P89446|KITH_HHV2H,Herpesviridae
sp|P89453|DPOL_HHV2H,Herpesviridae
sp|P89454|NEC1_HHV2H,Herpesviridae
sp|P89457|NEC2_HHV2H,Herpesviridae
sp|P89466|TEG1_HHV2H,Herpesviridae
sp|P89467|TEG5_HHV2H,Herpesviridae
sp|P89471|PRIM_HHV2H,Herpesviridae
sp|P89474|ICP22_HHV2H,Herpesviridae
sp|P89479|RNB_HHV2H,Herpesviridae
sp|Q69467|GD_HHV2H,Herpesviridae
sp|Q86539|GN_HHV2H,Herpesviridae
sp|P28275|UNG_HHV2H,Herpesviridae
sp|P28277|HELI_HHV2H,Herpesviridae
sp|P89429|PORTL_HHV2H,Herpesviridae
sp|P89430|CEP1_HHV2H,Herpesviridae
sp|P89431|HEPA_HHV2H,Herpesviridae
sp|P89437|TEG3_HHV2H,Herpesviridae
sp|P89438|TRM3_HHV2H,Herpesviridae
sp|P89439|CEP2_HHV2H,Herpesviridae
sp|P89440|CVC1_HHV2H,Herpesviridae
sp|P89441|TRX2_HHV2H,Herpesviridae
sp|P89442|MCP_HHV2H,Herpesviridae
sp|P89443|UL20_HHV2H,Herpesviridae
sp|P89444|TEG4_HHV2H,Herpesviridae
sp|P89447|UL24_HHV2H,Herpesviridae
sp|P89448|CVC2_HHV2H,Herpesviridae
sp|P89451|TRM1_HHV2H,Herpesviridae
sp|P89452|DNBI_HHV2H,Herpesviridae
sp|P89455|UL32_HHV2H,Herpesviridae
sp|P89456|TRM2_HHV2H,Herpesviridae
sp|P89458|SCP_HHV2H,Herpesviridae
sp|P89460|ITP_HHV2H,Herpesviridae
sp|P89461|TRX1_HHV2H,Herpesviridae
sp|P89463|PAP_HHV2H,Herpesviridae
sp|P89464|MB43_HHV2H,Herpesviridae
sp|P89465|EV45_HHV2H,Herpesviridae
sp|P89468|VP22_HHV2H,Herpesviridae
sp|P89469|DUT_HHV2H,Herpesviridae
sp|P89470|TEG7_HHV2H,Herpesviridae
sp|P89478|US10_HHV2H,Herpesviridae
sp|P28279|NP03_HHV2H,Herpesviridae
sp|P28280|NP04_HHV2H,Herpesviridae
sp|P28281|TEG6_HHV2H,Herpesviridae
sp|P89476|US8A_HHV2H,Herpesviridae
sp|F5HB81|GB_HHV8P,Herpesviridae
sp|F5HCV3|ORF50_HHV8P,Herpesviridae
sp|F5HDE4|ORF45_HHV8P,Herpesviridae
sp|F5HF68|VIRF1_HHV8P,Herpesviridae
sp|P90489|MIR2_HHV8P,Herpesviridae
sp|P90495|MIR1_HHV8P,Herpesviridae
sp|Q2HR75|MTA_HHV8P,Herpesviridae
sp|Q2HR80|ORF52_HHV8P,Herpesviridae
sp|Q2HRB6|SCAF_HHV8P,Herpesviridae
sp|F5HAK9|GH_HHV8P,Herpesviridae
sp|F5HDD0|GM_HHV8P,Herpesviridae
sp|F5HF47|UL32_HHV8P,Herpesviridae
sp|F5HFQ0|GN_HHV8P,Herpesviridae
sp|F5HGH5|VPK_HHV8P,Herpesviridae
sp|F5HGJ3|ARBH_HHV8P,Herpesviridae
sp|P0C788|OX2V_HHV8P,Herpesviridae
sp|Q2HR64|LTP_HHV8P,Herpesviridae
sp|Q2HR71|VIRF2_HHV8P,Herpesviridae
sp|Q2HR82|KBZIP_HHV8P,Herpesviridae
sp|Q2HR95|AN_HHV8P,Herpesviridae
sp|Q98146|VGPCR_HHV8P,Herpesviridae
sp|Q98157|VMI2_HHV8P,Herpesviridae
sp|Q9QR71|LANA1_HHV8P,Herpesviridae
sp|F5H982|NEC1_HHV8P,Herpesviridae
sp|F5H9W9|TEG7_HHV8P,Herpesviridae
sp|F5HAW0|RIR2_HHV8P,Herpesviridae
sp|F5HB62|KITH_HHV8P,Herpesviridae
sp|F5HDA4|K7_HHV8P,Herpesviridae
sp|F5HDB7|GL_HHV8P,Herpesviridae
sp|F5HG20|UL49_HHV8P,Herpesviridae
sp|F5HHY1|CEP3_HHV8P,Herpesviridae
sp|F5HIN0|PRIM_HHV8P,Herpesviridae
sp|Q2HR67|RIR1_HHV8P,Herpesviridae
sp|Q2HR73|VIRF4_HHV8P,Herpesviridae
sp|Q2HR89|HELI_HHV8P,Herpesviridae
sp|Q2HR98|UL95_HHV8P,Herpesviridae
sp|Q2HRA1|UL92_HHV8P,Herpesviridae
sp|Q2HRB4|UL79_HHV8P,Herpesviridae
sp|Q2HRC7|VIL6_HHV8P,Herpesviridae
sp|Q2HRD0|DPOL_HHV8P,Herpesviridae
sp|Q2HRD3|DNBI_HHV8P,Herpesviridae
sp|Q2HRD4|ORF4_HHV8P,Herpesviridae
sp|Q2HRD5|K1_HHV8P,Herpesviridae
sp|Q9QR69|K15_HHV8P,Herpesviridae
sp|F5H8Y5|TRX1_HHV8P,Herpesviridae
sp|F5H9W4|TRM2_HHV8P,Herpesviridae
sp|F5HA27|NEC2_HHV8P,Herpesviridae
sp|F5HAD1|ORF58_HHV8P,Herpesviridae
sp|F5HAI6|CEP1_HHV8P,Herpesviridae
sp|F5HB39|CVC1_HHV8P,Herpesviridae
sp|F5HB98|K81_HHV8P,Herpesviridae
sp|F5HCJ2|VCCL3_HHV8P,Herpesviridae
sp|F5HEF2|CEP2_HHV8P,Herpesviridae
sp|F5HET8|K6_HHV8P,Herpesviridae
sp|F5HEU7|ITP_HHV8P,Herpesviridae
sp|F5HEZ4|VFLIP_HHV8P,Herpesviridae
sp|F5HFA1|UNG_HHV8P,Herpesviridae
sp|F5HFD2|ORF24_HHV8P,Herpesviridae
sp|F5HGB6|TRM3_HHV8P,Herpesviridae
sp|F5HGK9|PORTL_HHV8P,Herpesviridae
sp|F5HGN8|TRX2_HHV8P,Herpesviridae
sp|F5HI25|ORF28_HHV8P,Herpesviridae
sp|F5HIC6|VIRF3_HHV8P,Herpesviridae
sp|F5HID2|PAP_HHV8P,Herpesviridae
sp|F5HIM6|ORF23_HHV8P,Herpesviridae
sp|P90463|TYSY_HHV8P,Herpesviridae
sp|Q2HR63|SCP_HHV8P,Herpesviridae
sp|Q2HR78|DUT_HHV8P,Herpesviridae
sp|Q2HR83|ORF49_HHV8P,Herpesviridae
sp|Q2HR92|HEPA_HHV8P,Herpesviridae
sp|Q2HRA7|MCP_HHV8P,Herpesviridae
sp|Q2HRB2|UL24_HHV8P,Herpesviridae
sp|Q2HRB3|CVC2_HHV8P,Herpesviridae
sp|Q2HRC6|DYR_HHV8P,Herpesviridae
sp|Q2HRD2|TRM1_HHV8P,Herpesviridae
sp|Q77Q36|VCYCL_HHV8P,Herpesviridae
sp|Q9QR70|ORF75_HHV8P,Herpesviridae
sp|F5HCD4|ORF35_HHV8P,Herpesviridae
sp|F5HDY6|ORF27_HHV8P,Herpesviridae
sp|F5HES7|ORF30_HHV8P,Herpesviridae
sp|F5HF36|K42_HHV8P,Herpesviridae
sp|Q2HR85|ORF48_HHV8P,Herpesviridae
sp|Q2HRC8|ORF11_HHV8P,Herpesviridae
sp|Q2HRC9|ORF10_HHV8P,Herpesviridae
sp|Q77Q38|K12_HHV8P,Herpesviridae
sp|P0DOE0|GQ2_HHV6U,Herpesviridae
sp|P24433|SCAF_HHV6U,Herpesviridae
sp|P28864|GB_HHV6U,Herpesviridae
sp|Q69559|U24_HHV6U,Herpesviridae
sp|Q69572|GQ1_HHV6U,Herpesviridae
sp|Q77Z83|IE2_HHV6U,Herpesviridae
sp|P24448|CEP3_HHV6U,Herpesviridae
sp|P28865|NEC1_HHV6U,Herpesviridae
sp|P52340|LTP_HHV6U,Herpesviridae
sp|P52354|ICP27_HHV6U,Herpesviridae
sp|P52380|UL33_HHV6U,Herpesviridae
sp|P52463|UL32_HHV6U,Herpesviridae
sp|P52508|GL_HHV6U,Herpesviridae
sp|P68324|GH_HHV6U,Herpesviridae
sp|Q04630|GM_HHV6U,Herpesviridae
sp|Q06093|GO_HHV6U,Herpesviridae
sp|Q06094|GN_HHV6U,Herpesviridae
sp|Q69555|U20_HHV6U,Herpesviridae
sp|Q69556|U21_HHV6U,Herpesviridae
sp|Q89743|DR7_HHV6U,Herpesviridae
sp|P17887|MCP_HHV6U,Herpesviridae
sp|P24436|TRX2_HHV6U,Herpesviridae
sp|P24441|CVC1_HHV6U,Herpesviridae
sp|P24442|CEP2_HHV6U,Herpesviridae
sp|P24443|TRM3_HHV6U,Herpesviridae
sp|P24446|GCVK_HHV6U,Herpesviridae
sp|P24447|AN_HHV6U,Herpesviridae
sp|P28857|DPOL_HHV6U,Herpesviridae
sp|P52338|DNBI_HHV6U,Herpesviridae
sp|P52343|RIR1_HHV6U,Herpesviridae
sp|P52345|UNG_HHV6U,Herpesviridae
sp|P52348|TRX1_HHV6U,Herpesviridae
sp|P52356|HELI_HHV6U,Herpesviridae
sp|P52375|HEPA_HHV6U,Herpesviridae
sp|P52378|OBP_HHV6U,Herpesviridae
sp|P52382|VU51_HHV6U,Herpesviridae
sp|P52384|TRM1_HHV6U,Herpesviridae
sp|P52387|CVC2_HHV6U,Herpesviridae
sp|P52437|ITP_HHV6U,Herpesviridae
sp|P52439|VPAP_HHV6U,Herpesviridae
sp|P52453|PORTL_HHV6U,Herpesviridae
sp|P52456|CEP1_HHV6U,Herpesviridae
sp|P52460|CCU83_HHV6U,Herpesviridae
sp|P52465|NEC2_HHV6U,Herpesviridae
sp|P52467|PRIM_HHV6U,Herpesviridae
sp|P52473|TEG7_HHV6U,Herpesviridae
sp|P52529|U79_HHV6U,Herpesviridae
sp|P52532|VU84_HHV6U,Herpesviridae
sp|Q00683|VU94_HHV6U,Herpesviridae
sp|Q00701|P100_HHV6U,Herpesviridae
sp|Q01348|U10_HHV6U,Herpesviridae
sp|Q06092|UL24_HHV6U,Herpesviridae
sp|Q06095|DUT_HHV6U,Herpesviridae
sp|Q69549|PP85_HHV6U,Herpesviridae
sp|Q69551|U16_HHV6U,Herpesviridae
sp|Q69552|U17_HHV6U,Herpesviridae
sp|Q69553|U18_HHV6U,Herpesviridae
sp|Q69554|UL38_HHV6U,Herpesviridae
sp|Q69557|U22_HHV6U,Herpesviridae
sp|Q69558|U23_HHV6U,Herpesviridae
sp|Q69560|SCP_HHV6U,Herpesviridae
sp|Q69561|TRM2_HHV6U,Herpesviridae
sp|Q69567|IE1_HHV6U,Herpesviridae
sp|Q89565|DR8_HHV6U,Herpesviridae
sp|Q89584|DR6_HHV6U,Herpesviridae
sp|Q89738|OX2V_HHV6U,Herpesviridae
sp|Q89882|U95_HHV6U,Herpesviridae
sp|P24434|VU54_HHV6U,Herpesviridae
sp|P24435|VU55_HHV6U,Herpesviridae
sp|P24437|UL87_HHV6U,Herpesviridae
sp|P24438|UL88_HHV6U,Herpesviridae
sp|P24439|UL91_HHV6U,Herpesviridae
sp|P24440|UL92_HHV6U,Herpesviridae
sp|P24444|UL95_HHV6U,Herpesviridae
sp|P24445|UL96_HHV6U,Herpesviridae
sp|P52441|UL49_HHV6U,Herpesviridae
sp|P52444|VU26_HHV6U,Herpesviridae
sp|P52469|UL79_HHV6U,Herpesviridae
sp|P52527|VU25_HHV6U,Herpesviridae
sp|Q01346|U8_HHV6U,Herpesviridae
sp|Q01347|U9_HHV6U,Herpesviridae
sp|Q01349|VU1_HHV6U,Herpesviridae
sp|Q01350|VU3_HHV6U,Herpesviridae
sp|Q01351|VU4_HHV6U,Herpesviridae
sp|Q01353|U7_HHV6U,Herpesviridae
sp|Q69546|U6_HHV6U,Herpesviridae
sp|Q69548|U13_HHV6U,Herpesviridae
sp|Q69550|U15_HHV6U,Herpesviridae
sp|Q69562|U61_HHV6U,Herpesviridae
sp|Q69569|U91_HHV6U,Herpesviridae
sp|Q69577|RJ1_HHV6U,Herpesviridae
sp|Q89544|DR5_HHV6U,Herpesviridae
sp|Q89660|DR3_HHV6U,Herpesviridae
sp|Q89681|DR4_HHV6U,Herpesviridae
sp|Q89746|DR1_HHV6U,Herpesviridae
sp|Q89893|DR2_HHV6U,Herpesviridae
sp|P03170|ICP47_HHV11,Herpesviridae
sp|P04289|CEP3_HHV11,Herpesviridae
sp|P04290|UL13_HHV11,Herpesviridae
sp|P04293|DPOL_HHV11,Herpesviridae
sp|P04296|DNBI_HHV11,Herpesviridae
sp|P04413|US03_HHV11,Herpesviridae
sp|P04485|ICP22_HHV11,Herpesviridae
sp|P04487|RNB_HHV11,Herpesviridae
sp|P04488|GE_HHV11,Herpesviridae
sp|P06487|GI_HHV11,Herpesviridae
sp|P06492|VP16_HHV11,Herpesviridae
sp|P08392|ICP4_HHV11,Herpesviridae
sp|P08393|ICP0_HHV11,Herpesviridae
sp|P08543|RIR1_HHV11,Herpesviridae
sp|P10185|GL_HHV11,Herpesviridae
sp|P10210|SCAF_HHV11,Herpesviridae
sp|P10211|GB_HHV11,Herpesviridae
sp|P10220|LTP_HHV11,Herpesviridae
sp|P10221|ITP_HHV11,Herpesviridae
sp|P10226|PAP_HHV11,Herpesviridae
sp|P10228|GC_HHV11,Herpesviridae
sp|P10238|ICP27_HHV11,Herpesviridae
sp|P68331|GK_HHV11,Herpesviridae
sp|Q69091|GD_HHV11,Herpesviridae
sp|O09800|GN_HHV11,Herpesviridae
sp|P04288|GM_HHV11,Herpesviridae
sp|P04291|TEG3_HHV11,Herpesviridae
sp|P04294|AN_HHV11,Herpesviridae
sp|P04295|TRM3_HHV11,Herpesviridae
sp|P06477|GH_HHV11,Herpesviridae
sp|P06481|US9_HHV11,Herpesviridae
sp|P10190|PORTL_HHV11,Herpesviridae
sp|P10192|HEPA_HHV11,Herpesviridae
sp|P10193|OBP_HHV11,Herpesviridae
sp|P10200|CEP2_HHV11,Herpesviridae
sp|P10215|NEC1_HHV11,Herpesviridae
sp|P10218|NEC2_HHV11,Herpesviridae
sp|P10225|SHUT_HHV11,Herpesviridae
sp|P10230|TEG1_HHV11,Herpesviridae
sp|P10231|TEG5_HHV11,Herpesviridae
sp|P10233|VP22_HHV11,Herpesviridae
sp|P10235|TEG7_HHV11,Herpesviridae
sp|P10236|PRIM_HHV11,Herpesviridae
sp|P36313|ICP34_HHV11,Herpesviridae
sp|P06480|GJ_HHV11,Herpesviridae
sp|P06484|GG_HHV11,Herpesviridae
sp|P06485|US02_HHV11,Herpesviridae
sp|P06491|MCP_HHV11,Herpesviridae
sp|P0DTH5|KITH_HHV11,Herpesviridae
sp|P10186|UNG_HHV11,Herpesviridae
sp|P10189|HELI_HHV11,Herpesviridae
sp|P10201|CVC1_HHV11,Herpesviridae
sp|P10204|UL20_HHV11,Herpesviridae
sp|P10205|TEG4_HHV11,Herpesviridae
sp|P10208|UL24_HHV11,Herpesviridae
sp|P10209|CVC2_HHV11,Herpesviridae
sp|P10212|TRM1_HHV11,Herpesviridae
sp|P10216|UL32_HHV11,Herpesviridae
sp|P10217|TRM2_HHV11,Herpesviridae
sp|P10219|SCP_HHV11,Herpesviridae
sp|P10224|RIR2_HHV11,Herpesviridae
sp|P10240|UL56_HHV11,Herpesviridae
sp|P32888|TRX1_HHV11,Herpesviridae
sp|O09802|US8A_HHV11,Herpesviridae
sp|P06486|US10_HHV11,Herpesviridae
sp|P10187|NP03_HHV11,Herpesviridae
sp|P10191|CEP1_HHV11,Herpesviridae
sp|P10202|TRX2_HHV11,Herpesviridae
sp|P10227|MB43_HHV11,Herpesviridae
sp|P10229|EV45_HHV11,Herpesviridae
sp|P10234|DUT_HHV11,Herpesviridae
sp|P10239|TEG6_HHV11,Herpesviridae
sp|P10188|NP04_HHV11,Herpesviridae
sp|P03070|LT_SV40,Polyomaviridae
sp|P03087|VP1_SV40,Polyomaviridae
sp|P03093|VP2_SV40,Polyomaviridae
sp|P03081|ST_SV40,Polyomaviridae
sp|P03084|AGNO_SV40,Polyomaviridae
sp|P0C6L2|SELP_SV40,Polyomaviridae
sp|P03107|VL2_HPV16,Papillomaviridae
sp|P03120|VE2_HPV16,Papillomaviridae
sp|P03126|VE6_HPV16,Papillomaviridae
sp|P03129|VE7_HPV16,Papillomaviridae
sp|P06922|VE4_HPV16,Papillomaviridae
sp|P03101|VL1_HPV16,Papillomaviridae
sp|P03114|VE1_HPV16,Papillomaviridae
sp|P06927|VE5_HPV16,Papillomaviridae
sp|P0DKA0|VE8E2_HPV16,Papillomaviridae
sp|A5HBE1|VP2_POVWU,Polyomaviridae
sp|A5HBG1|LT_POVWU,Polyomaviridae
sp|A5HBD5|VP1_POVWU,Polyomaviridae
sp|A5HBD7|ST_POVWU,Polyomaviridae
sp|P17382|VE1_HPV31,Papillomaviridae
sp|P17387|VE7_HPV31,Papillomaviridae
sp|P17383|VE2_HPV31,Papillomaviridae
sp|P17386|VE6_HPV31,Papillomaviridae
sp|P17388|VL1_HPV31,Papillomaviridae
sp|P17389|VL2_HPV31,Papillomaviridae
sp|P0DKB0|VE8E2_HPV31,Papillomaviridae
sp|P17384|VE4_HPV31,Papillomaviridae
sp|P17385|VE5_HPV31,Papillomaviridae
sp|P06463|VE6_HPV18,Papillomaviridae
sp|P06789|VE1_HPV18,Papillomaviridae
sp|P06788|VE7_HPV18,Papillomaviridae
sp|P06790|VE2_HPV18,Papillomaviridae
sp|P06793|VL2_HPV18,Papillomaviridae
sp|P06791|VE4_HPV18,Papillomaviridae
sp|P06794|VL1_HPV18,Papillomaviridae
sp|P0DKA6|VE8E2_HPV18,Papillomaviridae
sp|P06792|VE5_HPV18,Papillomaviridae
sp|P03072|LT_POVJC,Polyomaviridae
sp|P03086|AGNO_POVJC,Polyomaviridae
sp|P03089|VP1_POVJC,Polyomaviridae
sp|P03095|VP2_POVJC,Polyomaviridae
sp|P03083|ST_POVJC,Polyomaviridae
sp|Q98325|CFLA_MCV1,Poxviridae
sp|Q98178|MC007_MCV1,Poxviridae
sp|Q98199|PAP1_MCV1,Poxviridae
sp|Q98218|NPH2_MCV1,Poxviridae
sp|Q98234|GPX_MCV1,Poxviridae
sp|Q98262|ETF1_MCV1,Poxviridae
sp|Q98267|NTP1_MCV1,Poxviridae
sp|Q98314|MC148_MCV1,Poxviridae
sp|Q98326|MC160_MCV1,Poxviridae
sp|P26579|F13_MCV1,Poxviridae
sp|Q98176|MC005_MCV1,Poxviridae
sp|Q98224|PG085_MCV1,Poxviridae
sp|Q98229|RP07_MCV1,Poxviridae
sp|Q98277|ETF2_MCV1,Poxviridae
sp|Q98298|MC132_MCV1,Poxviridae
sp|Q98300|A28_MCV1,Poxviridae
sp|Q98329|MC163_MCV1,Poxviridae
sp|Q98185|MC014_MCV1,Poxviridae
sp|P0DSX5|MCEL_VAR67,Poxviridae
sp|P0DOQ5|DUSP_VAR67,Poxviridae
sp|P0DOR5|PG144_VAR67,Poxviridae
sp|P0DSV7|CRMB_VAR67,Poxviridae
sp|P33800|PG187_VAR67,Poxviridae
sp|P33815|PG057_VAR67,Poxviridae
sp|P0CK27|PG141_VAR67,Poxviridae
sp|P0DOL5|PG072_VAR67,Poxviridae
sp|P0DOM1|PAP1_VAR67,Poxviridae
sp|P0DOM7|KITH_VAR67,Poxviridae
sp|P0DON1|PG161_VAR67,Poxviridae
sp|P0DON9|ETF1_VAR67,Poxviridae
sp|P0DOO3|DNLI_VAR67,Poxviridae
sp|P0DOO5|DPOL_VAR67,Poxviridae
sp|P0DOP9|VGF_VAR67,Poxviridae
sp|P0DOQ3|NTP1_VAR67,Poxviridae
sp|P0DOS7|PG094_VAR67,Poxviridae
sp|P0DOT7|PG095_VAR67,Poxviridae
sp|P0DOU1|PG099_VAR67,Poxviridae
sp|P0DOU5|PG121_VAR67,Poxviridae
sp|P0DSS3|PG067_VAR67,Poxviridae
sp|P0DSS7|RIR2_VAR67,Poxviridae
sp|P0DST1|PG204_VAR67,Poxviridae
sp|P0DST3|RP132_VAR67,Poxviridae
sp|P0DST7|PG117_VAR67,Poxviridae
sp|P0DSU5|NPH2_VAR67,Poxviridae
sp|P0DSV1|RIR1_VAR67,Poxviridae
sp|P0DSV5|KTHY_VAR67,Poxviridae
sp|P0DSY1|CAHH_VAR67,Poxviridae
sp|P0DSZ5|PG145_VAR67,Poxviridae
sp|P0DSZ7|DUT_VAR67,Poxviridae
sp|P32989|TOP1_VAR67,Poxviridae
sp|P33052|MCE_VAR67,Poxviridae
sp|P33059|PG108_VAR67,Poxviridae
sp|P33071|PG122_VAR67,Poxviridae
sp|P33796|RP30_VAR67,Poxviridae
sp|P33801|VPK2_VAR67,Poxviridae
sp|P33807|HEMA_VAR67,Poxviridae
sp|P33813|RP19_VAR67,Poxviridae
sp|P33835|PG135_VAR67,Poxviridae
sp|P33841|PG143_VAR67,Poxviridae
sp|P33851|PG162_VAR67,Poxviridae
sp|P33863|PG065_VAR67,Poxviridae
sp|Q76QY7|PG003_VAR67,Poxviridae
sp|Q76R05|PG021_VAR67,Poxviridae
sp|Q89187|3BHS_VAR67,Poxviridae
sp|P0CK23|PG076_VAR67,Poxviridae
sp|P0DOK9|PG138_VAR67,Poxviridae
sp|P0DOL1|PG136_VAR67,Poxviridae
sp|P0DOL3|PG083_VAR67,Poxviridae
sp|P0DOL7|PG038_VAR67,Poxviridae
sp|P0DOL9|PG082_VAR67,Poxviridae
sp|P0DOM3|PG086_VAR67,Poxviridae
sp|P0DOM5|PG129_VAR67,Poxviridae
sp|P0DOM9|PG096_VAR67,Poxviridae
sp|P0DON5|PG062_VAR67,Poxviridae
sp|P0DON7|PG112_VAR67,Poxviridae
sp|P0DOO1|RP147_VAR67,Poxviridae
sp|P0DOO7|PG142_VAR67,Poxviridae
sp|P0DOP1|PG130_VAR67,Poxviridae
sp|P0DOP3|PG079_VAR67,Poxviridae
sp|P0DOP7|PG087_VAR67,Poxviridae
sp|P0DOQ7|PG137_VAR67,Poxviridae
sp|P0DOQ9|GLRX1_VAR67,Poxviridae
sp|P0DOR2|PG030_VAR67,Poxviridae
sp|P0DOR3|PG078_VAR67,Poxviridae
sp|P0DOS2|PG114_VAR67,Poxviridae
sp|P0DOS5|RUVV_VAR67,Poxviridae
sp|P0DOS9|PG085_VAR67,Poxviridae
sp|P0DOT3|SPI1_VAR67,Poxviridae
sp|P0DOT5|VLTF3_VAR67,Poxviridae
sp|P0DOT9|PG157_VAR67,Poxviridae
sp|P0DOU3|PG091_VAR67,Poxviridae
sp|P0DOU7|ETF2_VAR67,Poxviridae
sp|P0DSP6|PG125_VAR67,Poxviridae
sp|P0DSP7|UNG_VAR67,Poxviridae
sp|P0DSP9|VTF3S_VAR67,Poxviridae
sp|P0DSQ1|PG036_VAR67,Poxviridae
sp|P0DSQ3|PG140_VAR67,Poxviridae
sp|P0DSQ5|MCES_VAR67,Poxviridae
sp|P0DSQ9|D3_VAR67,Poxviridae
sp|P0DSR1|PG132_VAR67,Poxviridae
sp|P0DSR3|RAP94_VAR67,Poxviridae
sp|P0DSR7|PG147_VAR67,Poxviridae
sp|P0DSR9|VITF3_VAR67,Poxviridae
sp|P0DSS1|PG081_VAR67,Poxviridae
sp|P0DSS5|PG089_VAR67,Poxviridae
sp|P0DST5|PG166_VAR67,Poxviridae
sp|P0DSU1|G7_VAR67,Poxviridae
sp|P0DSU7|RP07_VAR67,Poxviridae
sp|P0DSV3|VLTF2_VAR67,Poxviridae
sp|P0DSV9|PG200_VAR67,Poxviridae
sp|P0DSW1|PG139_VAR67,Poxviridae
sp|P0DSW3|SPI2_VAR67,Poxviridae
sp|P0DSW5|PROF_VAR67,Poxviridae
sp|P0DSW7|PG027_VAR67,Poxviridae
sp|P0DSW9|VP8_VAR67,Poxviridae
sp|P0DSX1|PG068_VAR67,Poxviridae
sp|P0DSX3|PG029_VAR67,Poxviridae
sp|P0DSX7|PG155_VAR67,Poxviridae
sp|P0DSX9|RP18_VAR67,Poxviridae
sp|P0DSY3|GLRX2_VAR67,Poxviridae
sp|P0DSY5|PG172_VAR67,Poxviridae
sp|P0DSY7|PG070_VAR67,Poxviridae
sp|P0DSY9|PG107_VAR67,Poxviridae
sp|P0DSZ1|PG097_VAR67,Poxviridae
sp|P0DSZ3|PG053_VAR67,Poxviridae
sp|P0DTA0|PG160_VAR67,Poxviridae
sp|P0DTA1|SODL_VAR67,Poxviridae
sp|P0DTP6|PG148_VAR67,Poxviridae
sp|P32990|VLTF1_VAR67,Poxviridae
sp|P32999|PG077_VAR67,Poxviridae
sp|P33004|PG100_VAR67,Poxviridae
sp|P33054|RP22_VAR67,Poxviridae
sp|P33055|PG104_VAR67,Poxviridae
sp|P33062|PG110_VAR67,Poxviridae
sp|P33812|RP35_VAR67,Poxviridae
sp|P33816|PG154_VAR67,Poxviridae
sp|P33825|PG037_VAR67,Poxviridae
sp|P33831|PG040_VAR67,Poxviridae
sp|P33842|PG146_VAR67,Poxviridae
sp|P33852|PG164_VAR67,Poxviridae
sp|P33854|PG170_VAR67,Poxviridae
sp|P33862|PG064_VAR67,Poxviridae
sp|P33865|PG049_VAR67,Poxviridae
sp|P33871|PG056_VAR67,Poxviridae
sp|P33876|PG176_VAR67,Poxviridae
sp|P34010|PG074_VAR67,Poxviridae
sp|P34011|ATI_VAR67,Poxviridae
sp|P34012|PG031_VAR67,Poxviridae
sp|P34016|PG001_VAR67,Poxviridae
sp|P34018|PG035_VAR67,Poxviridae
sp|Q07032|PG128_VAR67,Poxviridae
sp|Q89186|A40_VAR67,Poxviridae
sp|Q89489|PG153_VAR67,Poxviridae
sp|P0DON3|PG058_VAR67,Poxviridae
sp|P0DOO9|A47_VAR67,Poxviridae
sp|P0DOP5|PG055_VAR67,Poxviridae
sp|P0DOQ1|PG051_VAR67,Poxviridae
sp|P0DOR7|PG060_VAR67,Poxviridae
sp|P0DOR9|PG050_VAR67,Poxviridae
sp|P0DOS3|PG159_VAR67,Poxviridae
sp|P0DOT1|B17_VAR67,Poxviridae
sp|P0DSQ7|A49_VAR67,Poxviridae
sp|P0DSR5|VB18_VAR67,Poxviridae
sp|P0DSS9|PG189_VAR67,Poxviridae
sp|P0DST9|PG073_VAR67,Poxviridae
sp|P0DSU3|PG181_VAR67,Poxviridae
sp|P0DSU9|PG061_VAR67,Poxviridae
sp|P0DTP8|PG039_VAR67,Poxviridae
sp|P33794|3BHST_VAR67,Poxviridae
sp|P33859|PG034_VAR67,Poxviridae
sp|P33861|C10_VAR67,Poxviridae
sp|P33864|PG069_VAR67,Poxviridae
sp|P33868|PG052_VAR67,Poxviridae
sp|Q76QZ8|SEMA_VAR67,Poxviridae
sp|Q76QZ9|A37_VAR67,Poxviridae
sp|Q89183|A375_VAR67,Poxviridae
sp|Q89485|A35_VAR67,Poxviridae
sp|P20979|MCEL_VACCC,Poxviridae
sp|P20505|PG187_VACCC,Poxviridae
sp|P20540|PG095_VACCC,Poxviridae
sp|P20638|PG057_VACCC,Poxviridae
sp|P20993|PG143_VACCC,Poxviridae
sp|P21030|PG094_VACCC,Poxviridae
sp|P21082|RP30_VACCC,Poxviridae
sp|P68592|PG144_VACCC,Poxviridae
sp|P68639|VCP_VACCC,Poxviridae
sp|P0CK28|PG141_VACCC,Poxviridae
sp|P20492|DNLI_VACCC,Poxviridae
sp|P20493|RIR2_VACCC,Poxviridae
sp|P20494|VGF_VACCC,Poxviridae
sp|P20495|DUSP_VACCC,Poxviridae
sp|P20497|PG108_VACCC,Poxviridae
sp|P20502|NPH2_VACCC,Poxviridae
sp|P20503|RIR1_VACCC,Poxviridae
sp|P20508|CAHH_VACCC,Poxviridae
sp|P20509|DPOL_VACCC,Poxviridae
sp|P20534|PG145_VACCC,Poxviridae
sp|P20536|UNG_VACCC,Poxviridae
sp|P20632|PG039_VACCC,Poxviridae
sp|P20634|ETF1_VACCC,Poxviridae
sp|P20637|NTP1_VACCC,Poxviridae
sp|P20639|PG041_VACCC,Poxviridae
sp|P20978|HEMA_VACCC,Poxviridae
sp|P20985|PG132_VACCC,Poxviridae
sp|P20987|PG135_VACCC,Poxviridae
sp|P20990|PG139_VACCC,Poxviridae
sp|P20999|POXIN_VACCC,Poxviridae
sp|P21010|PG117_VACCC,Poxviridae
sp|P21011|PG121_VACCC,Poxviridae
sp|P21012|PG122_VACCC,Poxviridae
sp|P21033|MCE_VACCC,Poxviridae
sp|P21034|RP18_VACCC,Poxviridae
sp|P21046|PG067_VACCC,Poxviridae
sp|P21050|PG072_VACCC,Poxviridae
sp|P21057|PG162_VACCC,Poxviridae
sp|P21062|SEMA_VACCC,Poxviridae
sp|P21077|PG204_VACCC,Poxviridae
sp|P21079|PAP1_VACCC,Poxviridae
sp|P21081|PG065_VACCC,Poxviridae
sp|P21095|VPK2_VACCC,Poxviridae
sp|P21097|3BHS_VACCC,Poxviridae
sp|P21115|PG190_VACCC,Poxviridae
sp|P68318|VLTF3_VACCC,Poxviridae
sp|P68447|PG069_VACCC,Poxviridae
sp|P68564|KITH_VACCC,Poxviridae
sp|P68610|RP19_VACCC,Poxviridae
sp|P68616|PG161_VACCC,Poxviridae
sp|P68622|PG099_VACCC,Poxviridae
sp|P68634|DUT_VACCC,Poxviridae
sp|P68693|KTHY_VACCC,Poxviridae
sp|P68694|RP132_VACCC,Poxviridae
sp|P68697|TOP1_VACCC,Poxviridae
sp|P0CK20|PG128_VACCC,Poxviridae
sp|P0CK22|PG076_VACCC,Poxviridae
sp|P20496|PG107_VACCC,Poxviridae
sp|P20498|PG077_VACCC,Poxviridae
sp|P20499|PG079_VACCC,Poxviridae
sp|P20500|PG081_VACCC,Poxviridae
sp|P20501|PG083_VACCC,Poxviridae
sp|P20504|RP147_VACCC,Poxviridae
sp|P20531|SPI1_VACCC,Poxviridae
sp|P20532|PG040_VACCC,Poxviridae
sp|P20535|PG154_VACCC,Poxviridae
sp|P20537|PG042_VACCC,Poxviridae
sp|P20538|PG110_VACCC,Poxviridae
sp|P20539|PG112_VACCC,Poxviridae
sp|P20635|ETF2_VACCC,Poxviridae
sp|P20640|PG037_VACCC,Poxviridae
sp|P20641|PG036_VACCC,Poxviridae
sp|P20642|PG136_VACCC,Poxviridae
sp|P20643|PG129_VACCC,Poxviridae
sp|P20843|PG096_VACCC,Poxviridae
sp|P20980|MCES_VACCC,Poxviridae
sp|P20981|VP8_VACCC,Poxviridae
sp|P20982|VLTF2_VACCC,Poxviridae
sp|P20983|PG130_VACCC,Poxviridae
sp|P20986|VTF3S_VACCC,Poxviridae
sp|P20988|PG137_VACCC,Poxviridae
sp|P20989|PG138_VACCC,Poxviridae
sp|P20991|PG140_VACCC,Poxviridae
sp|P20992|PG142_VACCC,Poxviridae
sp|P20994|PG146_VACCC,Poxviridae
sp|P20995|PG148_VACCC,Poxviridae
sp|P20996|PG147_VACCC,Poxviridae
sp|P20997|RUVV_VACCC,Poxviridae
sp|P20998|VITF3_VACCC,Poxviridae
sp|P21004|PG193_VACCC,Poxviridae
sp|P21007|PG197_VACCC,Poxviridae
sp|P21008|PG114_VACCC,Poxviridae
sp|P21009|PG115_VACCC,Poxviridae
sp|P21013|PG047_VACCC,Poxviridae
sp|P21014|PG049_VACCC,Poxviridae
sp|P21016|PG051_VACCC,Poxviridae
sp|P21022|PG085_VACCC,Poxviridae
sp|P21026|PG089_VACCC,Poxviridae
sp|P21027|PG091_VACCC,Poxviridae
sp|P21028|G7_VACCC,Poxviridae
sp|P21031|PG097_VACCC,Poxviridae
sp|P21032|PG100_VACCC,Poxviridae
sp|P21038|PG031_VACCC,Poxviridae
sp|P21040|PG029_VACCC,Poxviridae
sp|P21042|PG025_VACCC,Poxviridae
sp|P21047|PG068_VACCC,Poxviridae
sp|P21049|PG070_VACCC,Poxviridae
sp|P21053|PG056_VACCC,Poxviridae
sp|P21054|PG035_VACCC,Poxviridae
sp|P21058|PG163_VACCC,Poxviridae
sp|P21061|PG166_VACCC,Poxviridae
sp|P21063|A40_VACCC,Poxviridae
sp|P21064|PG170_VACCC,Poxviridae
sp|P21065|PG172_VACCC,Poxviridae
sp|P21066|PG176_VACCC,Poxviridae
sp|P21068|A49_VACCC,Poxviridae
sp|P21070|A52_VACCC,Poxviridae
sp|P21073|KBTB1_VACCC,Poxviridae
sp|P21080|PG064_VACCC,Poxviridae
sp|P21083|PG104_VACCC,Poxviridae
sp|P21087|RP35_VACCC,Poxviridae
sp|P21089|PG200_VACCC,Poxviridae
sp|P21090|PG001_VACCC,Poxviridae
sp|P21092|PG038_VACCC,Poxviridae
sp|P21093|PG074_VACCC,Poxviridae
sp|P21098|KRB2_VACCC,Poxviridae
sp|P21106|C22L_VACCC,Poxviridae
sp|P21114|A26_VACCC,Poxviridae
sp|P21132|SODL_VACCC,Poxviridae
sp|P68439|RAP94_VACCC,Poxviridae
sp|P68441|PG125_VACCC,Poxviridae
sp|P68450|PG045_VACCC,Poxviridae
sp|P68452|PG053_VACCC,Poxviridae
sp|P68454|PG062_VACCC,Poxviridae
sp|P68457|PG087_VACCC,Poxviridae
sp|P68459|PG086_VACCC,Poxviridae
sp|P68461|GLRX2_VACCC,Poxviridae
sp|P68463|PG082_VACCC,Poxviridae
sp|P68467|PG044_VACCC,Poxviridae
sp|P68595|PG157_VACCC,Poxviridae
sp|P68599|PG027_VACCC,Poxviridae
sp|P68604|PG078_VACCC,Poxviridae
sp|P68608|RP22_VACCC,Poxviridae
sp|P68612|VLTF1_VACCC,Poxviridae
sp|P68614|PG160_VACCC,Poxviridae
sp|P68618|PG164_VACCC,Poxviridae
sp|P68632|PG155_VACCC,Poxviridae
sp|P68690|GLRX1_VACCC,Poxviridae
sp|P68695|PROF_VACCC,Poxviridae
sp|P20510|YVAA_VACCC,Poxviridae
sp|P20511|YVAB_VACCC,Poxviridae
sp|P20512|YVAC_VACCC,Poxviridae
sp|P20513|YVAD_VACCC,Poxviridae
sp|P20514|YVAE_VACCC,Poxviridae
sp|P20515|YVAF_VACCC,Poxviridae
sp|P20516|YVAG_VACCC,Poxviridae
sp|P20517|YVAH_VACCC,Poxviridae
sp|P20518|YVAI_VACCC,Poxviridae
sp|P20519|YVAJ_VACCC,Poxviridae
sp|P20520|YVAK_VACCC,Poxviridae
sp|P20523|YVAN_VACCC,Poxviridae
sp|P20524|YVAO_VACCC,Poxviridae
sp|P20525|YVAP_VACCC,Poxviridae
sp|P20526|YVAQ_VACCC,Poxviridae
sp|P20527|YVAR_VACCC,Poxviridae
sp|P20530|YVAU_VACCC,Poxviridae
sp|P20542|YVBB_VACCC,Poxviridae
sp|P20543|YVBC_VACCC,Poxviridae
sp|P20546|YVBF_VACCC,Poxviridae
sp|P20547|YVBG_VACCC,Poxviridae
sp|P20548|YVBH_VACCC,Poxviridae
sp|P20549|YVBI_VACCC,Poxviridae
sp|P20550|YVDA_VACCC,Poxviridae
sp|P20551|YVDB_VACCC,Poxviridae
sp|P20552|YVDC_VACCC,Poxviridae
sp|P20553|YVDI_VACCC,Poxviridae
sp|P20554|YVEB_VACCC,Poxviridae
sp|P20555|YVEC_VACCC,Poxviridae
sp|P20556|YVED_VACCC,Poxviridae
sp|P20557|YVEE_VACCC,Poxviridae
sp|P20558|YVEF_VACCC,Poxviridae
sp|P20559|YVFA_VACCC,Poxviridae
sp|P20560|YVFB_VACCC,Poxviridae
sp|P20561|YVFC_VACCC,Poxviridae
sp|P20562|YVFD_VACCC,Poxviridae
sp|P20563|YVFE_VACCC,Poxviridae
sp|P20564|YVFF_VACCC,Poxviridae
sp|P20565|YVGA_VACCC,Poxviridae
sp|P20566|YVGB_VACCC,Poxviridae
sp|P20567|YVHA_VACCC,Poxviridae
sp|P20568|YVIA_VACCC,Poxviridae
sp|P20569|YVKA_VACCC,Poxviridae
sp|P20570|YVKB_VACCC,Poxviridae
sp|P20841|SPI2A_VACCC,Poxviridae
sp|P20842|SPI2B_VACCC,Poxviridae
sp|P21000|SLFN_VACCC,Poxviridae
sp|P21001|PG189_VACCC,Poxviridae
sp|P21005|PG195_VACCC,Poxviridae
sp|P21017|PG052_VACCC,Poxviridae
sp|P21019|PG058_VACCC,Poxviridae
sp|P21020|PG060_VACCC,Poxviridae
sp|P21021|PG061_VACCC,Poxviridae
sp|P21036|PG034_VACCC,Poxviridae
sp|P21037|VC02_VACCC,Poxviridae
sp|P21039|PG030_VACCC,Poxviridae
sp|P21041|C8_VACCC,Poxviridae
sp|P21043|C10_VACCC,Poxviridae
sp|P21044|C13_VACCC,Poxviridae
sp|P21045|VC14_VACCC,Poxviridae
sp|P21052|PG055_VACCC,Poxviridae
sp|P21060|PG165_VACCC,Poxviridae
sp|P21067|A47_VACCC,Poxviridae
sp|P21069|PG181_VACCC,Poxviridae
sp|P21071|A53_VACCC,Poxviridae
sp|P21074|A57_VACCC,Poxviridae
sp|P21075|B17_VACCC,Poxviridae
sp|P21076|VB18_VACCC,Poxviridae
sp|P21078|VB20_VACCC,Poxviridae
sp|P21084|K5_VACCC,Poxviridae
sp|P21085|YVEA_VACCC,Poxviridae
sp|P21096|PG159_VACCC,Poxviridae
sp|P21099|VC15_VACCC,Poxviridae
sp|P21100|PG005_VACCC,Poxviridae
sp|P21101|VC17_VACCC,Poxviridae
sp|P21102|VC18_VACCC,Poxviridae
sp|P21103|PG003_VACCC,Poxviridae
sp|P21104|C20L_VACCC,Poxviridae
sp|P21105|VC21_VACCC,Poxviridae
sp|P21113|ATI3_VACCC,Poxviridae
sp|P21116|IL1BP_VACCC,Poxviridae
sp|P21119|YVCA_VACCC,Poxviridae
sp|P21120|YVCB_VACCC,Poxviridae
sp|P21121|YVCC_VACCC,Poxviridae
sp|P21122|YVCD_VACCC,Poxviridae
sp|P21123|YVCE_VACCC,Poxviridae
sp|P68443|PG191_VACCC,Poxviridae
sp|P68445|PG192_VACCC,Poxviridae
sp|P68449|PG073_VACCC,Poxviridae
sp|P68465|K6_VACCC,Poxviridae
sp|P68473|YVBA_VACCC,Poxviridae
sp|P68475|YVBD_VACCC,Poxviridae
sp|P68477|YVBE_VACCC,Poxviridae
sp|P68479|YVDD_VACCC,Poxviridae
sp|P68481|YVDE_VACCC,Poxviridae
sp|P68483|YVDF_VACCC,Poxviridae
sp|P68485|YVDG_VACCC,Poxviridae
sp|P68487|YVDH_VACCC,Poxviridae
sp|P68489|YVD1_VACCC,Poxviridae
sp|P68491|YVD2_VACCC,Poxviridae
sp|P68601|PG050_VACCC,Poxviridae
sp|P68620|VA54_VACCC,Poxviridae
sp|P68624|YVAL_VACCC,Poxviridae
sp|P68626|YVAM_VACCC,Poxviridae
sp|P68628|YVAS_VACCC,Poxviridae
sp|P68630|YVAT_VACCC,Poxviridae
sp|P68687|VB10_VACCC,Poxviridae
sp|K9N4V7|NCAP_MERS1,Coronaviridae
sp|K9N5Q8|SPIKE_MERS1,Coronaviridae
sp|K9N638|R1A_MERS1,Coronaviridae
sp|K9N7C7|R1AB_MERS1,Coronaviridae
sp|K9N643|ORF4B_MERS1,Coronaviridae
sp|K9N7A1|VME1_MERS1,Coronaviridae
sp|K9N4V0|ORF4A_MERS1,Coronaviridae
sp|K9N5R3|VEMP_MERS1,Coronaviridae
sp|K9N7D2|ORF5_MERS1,Coronaviridae
sp|K9N796|ORF3_MERS1,Coronaviridae
sp|P0DTC1|R1A_SARS2,Coronaviridae
sp|P0DTC2|SPIKE_SARS2,Coronaviridae
sp|P0DTC3|AP3A_SARS2,Coronaviridae
sp|P0DTC4|VEMP_SARS2,Coronaviridae
sp|P0DTC5|VME1_SARS2,Coronaviridae
sp|P0DTC6|NS6_SARS2,Coronaviridae
sp|P0DTC7|NS7A_SARS2,Coronaviridae
sp|P0DTC8|NS8_SARS2,Coronaviridae
sp|P0DTC9|NCAP_SARS2,Coronaviridae
sp|P0DTD1|R1AB_SARS2,Coronaviridae
sp|P0DTD2|ORF9B_SARS2,Coronaviridae
sp|P0DTD8|NS7B_SARS2,Coronaviridae
sp|P0DTD3|ORF9C_SARS2,Coronaviridae
sp|A0A663DJA2|ORF10_SARS2,Coronaviridae
sp|P0DTF1|ORF3B_SARS2,Coronaviridae
sp|P0DTG0|ORF3D_SARS2,Coronaviridae
sp|P0DTG1|ORF3C_SARS2,Coronaviridae
sp|P03437|HEMA_I68A0,Orthomyxoviridae
sp|Q76V12|M2_I68A0,Orthomyxoviridae
sp|Q75VQ4|NRAM_I68A0,Orthomyxoviridae
sp|P69277|NS1_I68A0,Orthomyxoviridae
sp|Q67157|M1_I68A0,Orthomyxoviridae
sp|Q02600|NEP_I68A0,Orthomyxoviridae
sp|D0EZM8|NS1_HBOC1,Parvoviridae
sp|Q3YPH4|CAPSD_HBOC1,Parvoviridae
sp|Q3YPH5|NP1_HBOC1,Parvoviridae
sp|P25466|HN_PI2HT,Paramyxoviridae
sp|P26676|L_PI2HT,Paramyxoviridae
sp|P21737|NCAP_PI2HT,Paramyxoviridae
sp|P23056|PHOSP_PI2HT,Paramyxoviridae
sp|P23057|V_PI2HT,Paramyxoviridae
sp|P26629|FUS_PI2HT,Paramyxoviridae
sp|P24266|MATRX_PI2HT,Paramyxoviridae
sp|P03474|NRAM_INBLE,Orthomyxoviridae
sp|P03502|NS1_INBLE,Orthomyxoviridae
sp|P03460|HEMA_INBLE,Orthomyxoviridae
sp|P03493|BM2_INBLE,Orthomyxoviridae
sp|P04665|NCAP_INBLE,Orthomyxoviridae
sp|P06817|VNB_INBLE,Orthomyxoviridae
sp|Q9QLI9|PA_INBLE,Orthomyxoviridae
sp|P07832|RDRP_INBLE,Orthomyxoviridae
sp|Q9QLL6|PB2_INBLE,Orthomyxoviridae
sp|P03489|M1_INBLE,Orthomyxoviridae
sp|P03511|NEP_INBLE,Orthomyxoviridae
sp|P03243|E1B55_ADE05,Adenoviridae
sp|P03255|E1A_ADE05,Adenoviridae
sp|P03265|DNB2_ADE05,Adenoviridae
sp|P04499|TERM_ADE05,Adenoviridae
sp|P24937|CAP6_ADE05,Adenoviridae
sp|P24940|SF33K_ADE05,Adenoviridae
sp|P03246|E1BS_ADE05,Adenoviridae
sp|P03253|PRO_ADE05,Adenoviridae
sp|P03271|PKG1_ADE05,Adenoviridae
sp|P04133|CAPSH_ADE05,Adenoviridae
sp|P04494|E3GL_ADE05,Adenoviridae
sp|P04495|DPOL_ADE05,Adenoviridae
sp|P12537|CAP3_ADE05,Adenoviridae
sp|P12538|CAPSP_ADE05,Adenoviridae
sp|P24933|SHUT_ADE05,Adenoviridae
sp|P24936|CAP8_ADE05,Adenoviridae
sp|P24938|CORE5_ADE05,Adenoviridae
sp|P68951|NP_ADE05,Adenoviridae
sp|Q2KS03|PKG2_ADE05,Adenoviridae
sp|P03281|CAP9_ADE05,Adenoviridae
sp|P04496|PKG3_ADE05,Adenoviridae
sp|P06498|E3B14_ADE05,Adenoviridae
sp|P11818|SPIKE_ADE05,Adenoviridae
sp|Q2KS10|COR10_ADE05,Adenoviridae
sp|A8W995|UXP_ADE05,Adenoviridae
sp|P04489|E411_ADE05,Adenoviridae
sp|P04493|E3145_ADE05,Adenoviridae
sp|P06497|E310_ADE05,Adenoviridae
sp|P17590|E311_ADE05,Adenoviridae
sp|P06496|E312_ADE05,Adenoviridae
sp|Q6WB93|L_HMPVC,Pneumoviridae
sp|Q6WB97|M21_HMPVC,Pneumoviridae
sp|Q6WB94|VGLG_HMPVC,Pneumoviridae
sp|Q6WB98|FUS_HMPVC,Pneumoviridae
sp|Q6WB95|SH_HMPVC,Pneumoviridae
sp|Q6WB96|M22_HMPVC,Pneumoviridae
sp|Q6WB99|MATRX_HMPVC,Pneumoviridae
sp|Q8B9Q8|PHOSP_HMPVC,Pneumoviridae
sp|Q6WBA1|NCAP_HMPVC,Pneumoviridae
sp|P0C6U8|R1A_SARS,Coronaviridae
sp|P0C6X7|R1AB_SARS,Coronaviridae
sp|P59594|SPIKE_SARS,Coronaviridae
sp|P59595|NCAP_SARS,Coronaviridae
sp|P59596|VME1_SARS,Coronaviridae
sp|P59632|AP3A_SARS,Coronaviridae
sp|P59634|NS6_SARS,Coronaviridae
sp|P59635|NS7A_SARS,Coronaviridae
sp|P59636|ORF9B_SARS,Coronaviridae
sp|P59637|VEMP_SARS,Coronaviridae
sp|P59633|NS3B_SARS,Coronaviridae
sp|Q80H93|NS8B_SARS,Coronaviridae
sp|Q7TFA1|NS7B_SARS,Coronaviridae
sp|Q7TLC7|Y14_SARS,Coronaviridae
sp|Q7TFA0|NS8A_SARS,Coronaviridae
sp|O36634|FUS_HRSVB,Pneumoviridae
sp|O36635|L_HRSVB,Pneumoviridae
sp|O36632|SH_HRSVB,Pneumoviridae
sp|O36633|GLYC_HRSVB,Pneumoviridae
sp|O42038|NS2_HRSVB,Pneumoviridae
sp|O42049|MATRX_HRSVB,Pneumoviridae
sp|O42050|M21_HRSVB,Pneumoviridae
sp|O42053|NCAP_HRSVB,Pneumoviridae
sp|O42062|PHOSP_HRSVB,Pneumoviridae
sp|O42083|NS1_HRSVB,Pneumoviridae
sp|O42047|M22_HRSVB,Pneumoviridae
sp|P07210|POLG_HRV8A,Picornaviridae
sp|P03428|PB2_I34A1,Orthomyxoviridae
sp|P03431|RDRP_I34A1,Orthomyxoviridae
sp|P03433|PA_I34A1,Orthomyxoviridae
sp|P03452|HEMA_I34A1,Orthomyxoviridae
sp|P03466|NCAP_I34A1,Orthomyxoviridae
sp|P03468|NRAM_I34A1,Orthomyxoviridae
sp|P03485|M1_I34A1,Orthomyxoviridae
sp|P03496|NS1_I34A1,Orthomyxoviridae
sp|P06821|M2_I34A1,Orthomyxoviridae
sp|P0C0U1|PB1F2_I34A1,Orthomyxoviridae
sp|P03508|NEP_I34A1,Orthomyxoviridae
sp|P0CK64|PAX_I34A1,Orthomyxoviridae
sp|P0DOG6|PB2S1_I34A1,Orthomyxoviridae
sp|P04578|ENV_HV1H2,Retroviridae
sp|P04585|POL_HV1H2,Retroviridae
sp|P04591|GAG_HV1H2,Retroviridae
sp|P04601|NEF_HV1H2,Retroviridae
sp|P04608|TAT_HV1H2,Retroviridae
sp|P04618|REV_HV1H2,Retroviridae
sp|P05919|VPU_HV1H2,Retroviridae
sp|P69723|VIF_HV1H2,Retroviridae
sp|P69726|VPR_HV1H2,Retroviridae
sp|P03346|GAG_HTLV2,Retroviridae
sp|P03353|PRO_HTLV2,Retroviridae
sp|P03363|POL_HTLV2,Retroviridae
sp|P03383|ENV_HTLV2,Retroviridae
sp|P03410|TAX_HTLV2,Retroviridae
sp|Q85601|REX_HTLV2,Retroviridae
sp|P18094|ENV_HV2BE,Retroviridae
sp|P18095|GAG_HV2BE,Retroviridae
sp|P18096|POL_HV2BE,Retroviridae
sp|P18092|NEF_HV2BE,Retroviridae
sp|P18093|REV_HV2BE,Retroviridae
sp|P18097|VIF_HV2BE,Retroviridae
sp|P18098|TAT_HV2BE,Retroviridae
sp|P18099|VPX_HV2BE,Retroviridae
sp|P18100|VPR_HV2BE,Retroviridae
sp|P03345|GAG_HTL1A,Retroviridae
sp|P03362|POL_HTL1A,Retroviridae
sp|P03409|TAX_HTL1A,Retroviridae
sp|P0C205|REX_HTL1A,Retroviridae
sp|P0C746|HBZ_HTL1A,Retroviridae
sp|P10274|PRO_HTL1A,Retroviridae
sp|P03381|ENV_HTL1A,Retroviridae
sp|P0C214|P30II_HTL1A,Retroviridae
sp|P0C215|P12I_HTL1A,Retroviridae
